,QuoteId,MinPrice,Direct,OutboundLeg,InboundLeg,QuoteDateTime,OutCarrier,OutOrigin,OutDest,OutDate,InCarrier,InOrigin,InDest,InDate,tripLength
0,1,553,False,"{'CarrierIds': [1324], 'OriginId': 60987, 'DestinationId': 40920, 'DepartureDate': '2021-06-18T00:00:00'}","{'CarrierIds': [1368], 'OriginId': 40920, 'DestinationId': 60987, 'DepartureDate': '2021-06-27T00:00:00'}",2021-04-28T00:58:00,KLM,New York John F. Kennedy,Athens International,2021-06-18,Lufthansa,Athens International,New York John F. Kennedy,2021-06-27,9
1,2,659,False,"{'CarrierIds': [838], 'OriginId': 60987, 'DestinationId': 61666, 'DepartureDate': '2021-06-18T00:00:00'}","{'CarrierIds': [1865], 'OriginId': 61666, 'DestinationId': 60987, 'DepartureDate': '2021-06-27T00:00:00'}",2021-04-26T17:00:00,Air France,New York John F. Kennedy,Santorini (Thira),2021-06-18,Vueling Airlines,Santorini (Thira),New York John F. Kennedy,2021-06-27,9
2,3,879,True,"{'CarrierIds': [858], 'OriginId': 60987, 'DestinationId': 40920, 'DepartureDate': '2021-06-18T00:00:00'}","{'CarrierIds': [858], 'OriginId': 40920, 'DestinationId': 60987, 'DepartureDate': '2021-06-27T00:00:00'}",2021-04-28T00:58:00,Alitalia,New York John F. Kennedy,Athens International,2021-06-18,Alitalia,Athens International,New York John F. Kennedy,2021-06-27,9
3,1,541,False,"{'CarrierIds': [1760], 'OriginId': 50290, 'DestinationId': 40920, 'DepartureDate': '2021-06-19T00:00:00'}","{'CarrierIds': [1090], 'OriginId': 40920, 'DestinationId': 50290, 'DepartureDate': '2021-06-28T00:00:00'}",2021-04-28T01:00:00,TAP Air Portugal,New York Newark,Athens International,2021-06-19,Ryanair,Athens International,New York Newark,2021-06-28,9
4,2,725,False,"{'CarrierIds': [1375], 'OriginId': 60987, 'DestinationId': 61323, 'DepartureDate': '2021-06-19T00:00:00'}","{'CarrierIds': [1375], 'OriginId': 61323, 'DestinationId': 60987, 'DepartureDate': '2021-06-28T00:00:00'}",2021-04-28T01:00:00,LOT,New York John F. Kennedy,Mykonos,2021-06-19,LOT,Mykonos,New York John F. Kennedy,2021-06-28,9
5,3,880,True,"{'CarrierIds': [858], 'OriginId': 60987, 'DestinationId': 40920, 'DepartureDate': '2021-06-19T00:00:00'}","{'CarrierIds': [858], 'OriginId': 40920, 'DestinationId': 60987, 'DepartureDate': '2021-06-28T00:00:00'}",2021-04-28T01:00:00,Alitalia,New York John F. Kennedy,Athens International,2021-06-19,Alitalia,Athens International,New York John F. Kennedy,2021-06-28,9
6,4,1218,False,"{'CarrierIds': [1035], 'OriginId': 50290, 'DestinationId': 56338, 'DepartureDate': '2021-06-19T00:00:00'}","{'CarrierIds': [819], 'OriginId': 56338, 'DestinationId': 50290, 'DepartureDate': '2021-06-28T00:00:00'}",2021-04-28T02:39:00,Emirates,New York Newark,Crete Heraklion,2021-06-19,Aegean Airlines,Crete Heraklion,New York Newark,2021-06-28,9
7,1,748,False,"{'CarrierIds': [857], 'OriginId': 60987, 'DestinationId': 61666, 'DepartureDate': '2021-06-20T00:00:00'}","{'CarrierIds': [881], 'OriginId': 61666, 'DestinationId': 60987, 'DepartureDate': '2021-06-29T00:00:00'}",2021-04-28T00:02:00,Finnair,New York John F. Kennedy,Santorini (Thira),2021-06-20,British Airways,Santorini (Thira),New York John F. Kennedy,2021-06-29,9
8,2,765,False,"{'CarrierIds': [857], 'OriginId': 60987, 'DestinationId': 40920, 'DepartureDate': '2021-06-20T00:00:00'}","{'CarrierIds': [881], 'OriginId': 40920, 'DestinationId': 60987, 'DepartureDate': '2021-06-29T00:00:00'}",2021-04-28T11:10:00,Finnair,New York John F. Kennedy,Athens International,2021-06-20,British Airways,Athens International,New York John F. Kennedy,2021-06-29,9
9,3,1350,False,"{'CarrierIds': [1035], 'OriginId': 50290, 'DestinationId': 61323, 'DepartureDate': '2021-06-20T00:00:00'}","{'CarrierIds': [819], 'OriginId': 61323, 'DestinationId': 50290, 'DepartureDate': '2021-06-29T00:00:00'}",2021-04-25T15:48:00,Emirates,New York Newark,Mykonos,2021-06-20,Aegean Airlines,Mykonos,New York Newark,2021-06-29,9
10,1,682,True,"{'CarrierIds': [858], 'OriginId': 60987, 'DestinationId': 40920, 'DepartureDate': '2021-06-21T00:00:00'}","{'CarrierIds': [858], 'OriginId': 40920, 'DestinationId': 60987, 'DepartureDate': '2021-06-30T00:00:00'}",2021-04-28T00:53:00,Alitalia,New York John F. Kennedy,Athens International,2021-06-21,Alitalia,Athens International,New York John F. Kennedy,2021-06-30,9
11,2,703,False,"{'CarrierIds': [1793], 'OriginId': 50290, 'DestinationId': 40920, 'DepartureDate': '2021-06-21T00:00:00'}","{'CarrierIds': [1384], 'OriginId': 40920, 'DestinationId': 50290, 'DepartureDate': '2021-06-30T00:00:00'}",2021-04-28T00:54:00,United,New York Newark,Athens International,2021-06-21,SWISS,Athens International,New York Newark,2021-06-30,9
12,3,724,False,"{'CarrierIds': [1878], 'OriginId': 60987, 'DestinationId': 61323, 'DepartureDate': '2021-06-21T00:00:00'}","{'CarrierIds': [50441], 'OriginId': 61323, 'DestinationId': 50290, 'DepartureDate': '2021-06-30T00:00:00'}",2021-04-25T15:48:00,Wizz Air,New York John F. Kennedy,Mykonos,2021-06-21,easyJet,Mykonos,New York Newark,2021-06-30,9
13,1,684,True,"{'CarrierIds': [858], 'OriginId': 60987, 'DestinationId': 40920, 'DepartureDate': '2021-06-22T00:00:00'}","{'CarrierIds': [858], 'OriginId': 40920, 'DestinationId': 60987, 'DepartureDate': '2021-07-01T00:00:00'}",2021-04-27T14:32:00,Alitalia,New York John F. Kennedy,Athens International,2021-06-22,Alitalia,Athens International,New York John F. Kennedy,2021-07-01,9
14,1,980,False,"{'CarrierIds': [857], 'OriginId': 60987, 'DestinationId': 40920, 'DepartureDate': '2021-06-23T00:00:00'}","{'CarrierIds': [881], 'OriginId': 40920, 'DestinationId': 60987, 'DepartureDate': '2021-07-02T00:00:00'}",2021-04-28T20:16:00,Finnair,New York John F. Kennedy,Athens International,2021-06-23,British Airways,Athens International,New York John F. Kennedy,2021-07-02,9
15,1,826,False,"{'CarrierIds': [1755], 'OriginId': 50290, 'DestinationId': 40920, 'DepartureDate': '2021-06-24T00:00:00'}","{'CarrierIds': [1755], 'OriginId': 40920, 'DestinationId': 50290, 'DepartureDate': '2021-07-03T00:00:00'}",2021-04-27T23:32:00,Turkish Airlines,New York Newark,Athens International,2021-06-24,Turkish Airlines,Athens International,New York Newark,2021-07-03,9
16,2,1209,False,"{'CarrierIds': [857], 'OriginId': 60987, 'DestinationId': 61666, 'DepartureDate': '2021-06-24T00:00:00'}","{'CarrierIds': [881], 'OriginId': 61666, 'DestinationId': 60987, 'DepartureDate': '2021-07-03T00:00:00'}",2021-04-27T11:51:00,Finnair,New York John F. Kennedy,Santorini (Thira),2021-06-24,British Airways,Santorini (Thira),New York John F. Kennedy,2021-07-03,9
17,3,1414,False,"{'CarrierIds': [1035], 'OriginId': 50290, 'DestinationId': 64049, 'DepartureDate': '2021-06-24T00:00:00'}","{'CarrierIds': [819], 'OriginId': 64049, 'DestinationId': 50290, 'DepartureDate': '2021-07-03T00:00:00'}",2021-04-25T00:11:00,Emirates,New York Newark,Kavala Alexandros,2021-06-24,Aegean Airlines,Kavala Alexandros,New York Newark,2021-07-03,9
18,1,664,False,"{'CarrierIds': [1324], 'OriginId': 60987, 'DestinationId': 40920, 'DepartureDate': '2021-06-25T00:00:00'}","{'CarrierIds': [1190], 'OriginId': 40920, 'DestinationId': 50290, 'DepartureDate': '2021-07-04T00:00:00'}",2021-04-28T01:36:00,KLM,New York John F. Kennedy,Athens International,2021-06-25,transavia,Athens International,New York Newark,2021-07-04,9
19,2,812,False,"{'CarrierIds': [1375], 'OriginId': 60987, 'DestinationId': 44869, 'DepartureDate': '2021-06-25T00:00:00'}","{'CarrierIds': [1375], 'OriginId': 44869, 'DestinationId': 60987, 'DepartureDate': '2021-07-04T00:00:00'}",2021-04-28T15:21:00,LOT,New York John F. Kennedy,Corfu,2021-06-25,LOT,Corfu,New York John F. Kennedy,2021-07-04,9
20,3,949,True,"{'CarrierIds': [838], 'OriginId': 60987, 'DestinationId': 40920, 'DepartureDate': '2021-06-25T00:00:00'}","{'CarrierIds': [858], 'OriginId': 40920, 'DestinationId': 60987, 'DepartureDate': '2021-07-04T00:00:00'}",2021-04-27T23:32:00,Air France,New York John F. Kennedy,Athens International,2021-06-25,Alitalia,Athens International,New York John F. Kennedy,2021-07-04,9
21,1,686,False,"{'CarrierIds': [1090], 'OriginId': 60987, 'DestinationId': 61323, 'DepartureDate': '2021-06-26T00:00:00'}","{'CarrierIds': [1190], 'OriginId': 61323, 'DestinationId': 50290, 'DepartureDate': '2021-07-05T00:00:00'}",2021-04-27T00:48:00,Ryanair,New York John F. Kennedy,Mykonos,2021-06-26,transavia,Mykonos,New York Newark,2021-07-05,9
22,2,700,False,"{'CarrierIds': [1793], 'OriginId': 65633, 'DestinationId': 40920, 'DepartureDate': '2021-06-26T00:00:00'}","{'CarrierIds': [1190], 'OriginId': 40920, 'DestinationId': 50290, 'DepartureDate': '2021-07-05T00:00:00'}",2021-04-27T00:49:00,United,New York LaGuardia,Athens International,2021-06-26,transavia,Athens International,New York Newark,2021-07-05,9
23,3,718,False,"{'CarrierIds': [1090], 'OriginId': 60987, 'DestinationId': 61666, 'DepartureDate': '2021-06-26T00:00:00'}","{'CarrierIds': [1190], 'OriginId': 61666, 'DestinationId': 50290, 'DepartureDate': '2021-07-05T00:00:00'}",2021-04-27T00:35:00,Ryanair,New York John F. Kennedy,Santorini (Thira),2021-06-26,transavia,Santorini (Thira),New York Newark,2021-07-05,9
24,4,906,True,"{'CarrierIds': [838], 'OriginId': 60987, 'DestinationId': 40920, 'DepartureDate': '2021-06-26T00:00:00'}","{'CarrierIds': [838], 'OriginId': 40920, 'DestinationId': 60987, 'DepartureDate': '2021-07-05T00:00:00'}",2021-04-27T00:49:00,Air France,New York John F. Kennedy,Athens International,2021-06-26,Air France,Athens International,New York John F. Kennedy,2021-07-05,9
25,1,673,False,"{'CarrierIds': [1368], 'OriginId': 50290, 'DestinationId': 40920, 'DepartureDate': '2021-06-27T00:00:00'}","{'CarrierIds': [50441], 'OriginId': 40920, 'DestinationId': 50290, 'DepartureDate': '2021-07-06T00:00:00'}",2021-04-28T00:41:00,Lufthansa,New York Newark,Athens International,2021-06-27,easyJet,Athens International,New York Newark,2021-07-06,9
26,2,768,True,"{'CarrierIds': [1793], 'OriginId': 50290, 'DestinationId': 40920, 'DepartureDate': '2021-06-27T00:00:00'}","{'CarrierIds': [1368], 'OriginId': 40920, 'DestinationId': 50290, 'DepartureDate': '2021-07-06T00:00:00'}",2021-04-28T00:41:00,United,New York Newark,Athens International,2021-06-27,Lufthansa,Athens International,New York Newark,2021-07-06,9
27,3,1053,False,"{'CarrierIds': [857], 'OriginId': 60987, 'DestinationId': 61666, 'DepartureDate': '2021-06-27T00:00:00'}","{'CarrierIds': [881], 'OriginId': 61666, 'DestinationId': 60987, 'DepartureDate': '2021-07-06T00:00:00'}",2021-04-27T14:06:00,Finnair,New York John F. Kennedy,Santorini (Thira),2021-06-27,British Airways,Santorini (Thira),New York John F. Kennedy,2021-07-06,9
28,4,1130,False,"{'CarrierIds': [1218], 'OriginId': 60987, 'DestinationId': 61323, 'DepartureDate': '2021-06-27T00:00:00'}","{'CarrierIds': [1218], 'OriginId': 61323, 'DestinationId': 60987, 'DepartureDate': '2021-07-06T00:00:00'}",2021-04-27T13:05:00,Iberia,New York John F. Kennedy,Mykonos,2021-06-27,Iberia,Mykonos,New York John F. Kennedy,2021-07-06,9
29,5,1313,False,"{'CarrierIds': [1035], 'OriginId': 50290, 'DestinationId': 56338, 'DepartureDate': '2021-06-27T00:00:00'}","{'CarrierIds': [819], 'OriginId': 56338, 'DestinationId': 50290, 'DepartureDate': '2021-07-06T00:00:00'}",2021-04-27T05:22:00,Emirates,New York Newark,Crete Heraklion,2021-06-27,Aegean Airlines,Crete Heraklion,New York Newark,2021-07-06,9
30,1,707,False,"{'CarrierIds': [886], 'OriginId': 50290, 'DestinationId': 44869, 'DepartureDate': '2021-06-28T00:00:00'}","{'CarrierIds': [1090], 'OriginId': 44869, 'DestinationId': 50290, 'DepartureDate': '2021-07-07T00:00:00'}",2021-04-25T13:27:00,French Bee,New York Newark,Corfu,2021-06-28,Ryanair,Corfu,New York Newark,2021-07-07,9
31,2,735,False,"{'CarrierIds': [1368], 'OriginId': 50290, 'DestinationId': 61666, 'DepartureDate': '2021-06-28T00:00:00'}","{'CarrierIds': [1865], 'OriginId': 61666, 'DestinationId': 50290, 'DepartureDate': '2021-07-07T00:00:00'}",2021-04-28T00:23:00,Lufthansa,New York Newark,Santorini (Thira),2021-06-28,Vueling Airlines,Santorini (Thira),New York Newark,2021-07-07,9
32,1,766,False,"{'CarrierIds': [857], 'OriginId': 60987, 'DestinationId': 40920, 'DepartureDate': '2021-06-29T00:00:00'}","{'CarrierIds': [881], 'OriginId': 40920, 'DestinationId': 60987, 'DepartureDate': '2021-07-08T00:00:00'}",2021-04-28T16:01:00,Finnair,New York John F. Kennedy,Athens International,2021-06-29,British Airways,Athens International,New York John F. Kennedy,2021-07-08,9
33,2,1069,False,"{'CarrierIds': [857], 'OriginId': 60987, 'DestinationId': 56338, 'DepartureDate': '2021-06-29T00:00:00'}","{'CarrierIds': [881], 'OriginId': 56338, 'DestinationId': 60987, 'DepartureDate': '2021-07-08T00:00:00'}",2021-04-27T15:08:00,Finnair,New York John F. Kennedy,Crete Heraklion,2021-06-29,British Airways,Crete Heraklion,New York John F. Kennedy,2021-07-08,9
34,1,706,False,"{'CarrierIds': [1384], 'OriginId': 60987, 'DestinationId': 40920, 'DepartureDate': '2021-06-30T00:00:00'}","{'CarrierIds': [1793], 'OriginId': 40920, 'DestinationId': 50290, 'DepartureDate': '2021-07-09T00:00:00'}",2021-04-26T13:34:00,SWISS,New York John F. Kennedy,Athens International,2021-06-30,United,Athens International,New York Newark,2021-07-09,9
35,2,740,False,"{'CarrierIds': [1375], 'OriginId': 60987, 'DestinationId': 61323, 'DepartureDate': '2021-06-30T00:00:00'}","{'CarrierIds': [1375], 'OriginId': 61323, 'DestinationId': 60987, 'DepartureDate': '2021-07-09T00:00:00'}",2021-04-26T13:34:00,LOT,New York John F. Kennedy,Mykonos,2021-06-30,LOT,Mykonos,New York John F. Kennedy,2021-07-09,9
36,3,792,False,"{'CarrierIds': [1218], 'OriginId': 60987, 'DestinationId': 56338, 'DepartureDate': '2021-06-30T00:00:00'}","{'CarrierIds': [881], 'OriginId': 56338, 'DestinationId': 60987, 'DepartureDate': '2021-07-09T00:00:00'}",2021-04-28T16:48:00,Iberia,New York John F. Kennedy,Crete Heraklion,2021-06-30,British Airways,Crete Heraklion,New York John F. Kennedy,2021-07-09,9
37,4,855,True,"{'CarrierIds': [838], 'OriginId': 60987, 'DestinationId': 40920, 'DepartureDate': '2021-06-30T00:00:00'}","{'CarrierIds': [1324], 'OriginId': 40920, 'DestinationId': 60987, 'DepartureDate': '2021-07-09T00:00:00'}",2021-04-26T01:20:00,Air France,New York John F. Kennedy,Athens International,2021-06-30,KLM,Athens International,New York John F. Kennedy,2021-07-09,9
38,5,977,False,"{'CarrierIds': [857], 'OriginId': 60987, 'DestinationId': 61666, 'DepartureDate': '2021-06-30T00:00:00'}","{'CarrierIds': [881], 'OriginId': 61666, 'DestinationId': 60987, 'DepartureDate': '2021-07-09T00:00:00'}",2021-04-28T17:48:00,Finnair,New York John F. Kennedy,Santorini (Thira),2021-06-30,British Airways,Santorini (Thira),New York John F. Kennedy,2021-07-09,9
39,1,756,False,"{'CarrierIds': [886], 'OriginId': 50290, 'DestinationId': 40920, 'DepartureDate': '2021-07-01T00:00:00'}","{'CarrierIds': [1865], 'OriginId': 40920, 'DestinationId': 50290, 'DepartureDate': '2021-07-10T00:00:00'}",2021-04-27T01:41:00,French Bee,New York Newark,Athens International,2021-07-01,Vueling Airlines,Athens International,New York Newark,2021-07-10,9
40,2,906,True,"{'CarrierIds': [1793], 'OriginId': 50290, 'DestinationId': 40920, 'DepartureDate': '2021-07-01T00:00:00'}","{'CarrierIds': [1793], 'OriginId': 40920, 'DestinationId': 50290, 'DepartureDate': '2021-07-10T00:00:00'}",2021-04-27T01:40:00,United,New York Newark,Athens International,2021-07-01,United,Athens International,New York Newark,2021-07-10,9
41,3,1220,False,"{'CarrierIds': [857], 'OriginId': 60987, 'DestinationId': 61666, 'DepartureDate': '2021-07-01T00:00:00'}","{'CarrierIds': [881], 'OriginId': 61666, 'DestinationId': 60987, 'DepartureDate': '2021-07-10T00:00:00'}",2021-04-27T23:38:00,Finnair,New York John F. Kennedy,Santorini (Thira),2021-07-01,British Airways,Santorini (Thira),New York John F. Kennedy,2021-07-10,9
42,1,646,False,"{'CarrierIds': [1760], 'OriginId': 50290, 'DestinationId': 40920, 'DepartureDate': '2021-07-02T00:00:00'}","{'CarrierIds': [1816], 'OriginId': 40920, 'DestinationId': 50290, 'DepartureDate': '2021-07-11T00:00:00'}",2021-04-28T18:41:00,TAP Air Portugal,New York Newark,Athens International,2021-07-02,Air Europa,Athens International,New York Newark,2021-07-11,9
43,2,697,False,"{'CarrierIds': [1760], 'OriginId': 50290, 'DestinationId': 61323, 'DepartureDate': '2021-07-02T00:00:00'}","{'CarrierIds': [1865], 'OriginId': 61323, 'DestinationId': 50290, 'DepartureDate': '2021-07-11T00:00:00'}",2021-04-28T18:39:00,TAP Air Portugal,New York Newark,Mykonos,2021-07-02,Vueling Airlines,Mykonos,New York Newark,2021-07-11,9
44,3,739,False,"{'CarrierIds': [1375], 'OriginId': 60987, 'DestinationId': 61666, 'DepartureDate': '2021-07-02T00:00:00'}","{'CarrierIds': [1375], 'OriginId': 61666, 'DestinationId': 60987, 'DepartureDate': '2021-07-11T00:00:00'}",2021-04-27T22:43:00,LOT,New York John F. Kennedy,Santorini (Thira),2021-07-02,LOT,Santorini (Thira),New York John F. Kennedy,2021-07-11,9
45,4,950,True,"{'CarrierIds': [1368], 'OriginId': 50290, 'DestinationId': 40920, 'DepartureDate': '2021-07-02T00:00:00'}","{'CarrierIds': [1368], 'OriginId': 40920, 'DestinationId': 50290, 'DepartureDate': '2021-07-11T00:00:00'}",2021-04-25T02:30:00,Lufthansa,New York Newark,Athens International,2021-07-02,Lufthansa,Athens International,New York Newark,2021-07-11,9
46,1,798,False,"{'CarrierIds': [1755], 'OriginId': 50290, 'DestinationId': 40920, 'DepartureDate': '2021-07-03T00:00:00'}","{'CarrierIds': [1755], 'OriginId': 40920, 'DestinationId': 50290, 'DepartureDate': '2021-07-12T00:00:00'}",2021-04-28T18:41:00,Turkish Airlines,New York Newark,Athens International,2021-07-03,Turkish Airlines,Athens International,New York Newark,2021-07-12,9
47,2,882,False,"{'CarrierIds': [1218], 'OriginId': 60987, 'DestinationId': 61666, 'DepartureDate': '2021-07-03T00:00:00'}","{'CarrierIds': [1218], 'OriginId': 61666, 'DestinationId': 60987, 'DepartureDate': '2021-07-12T00:00:00'}",2021-04-27T23:38:00,Iberia,New York John F. Kennedy,Santorini (Thira),2021-07-03,Iberia,Santorini (Thira),New York John F. Kennedy,2021-07-12,9
48,3,1226,False,"{'CarrierIds': [1035], 'OriginId': 50290, 'DestinationId': 79519, 'DepartureDate': '2021-07-03T00:00:00'}","{'CarrierIds': [819], 'OriginId': 79519, 'DestinationId': 50290, 'DepartureDate': '2021-07-12T00:00:00'}",2021-04-27T13:35:00,Emirates,New York Newark,Rhodes,2021-07-03,Aegean Airlines,Rhodes,New York Newark,2021-07-12,9
49,1,667,False,"{'CarrierIds': [838], 'OriginId': 60987, 'DestinationId': 40920, 'DepartureDate': '2021-06-18T00:00:00'}","{'CarrierIds': [1865], 'OriginId': 40920, 'DestinationId': 60987, 'DepartureDate': '2021-06-28T00:00:00'}",2021-04-28T15:09:00,Air France,New York John F. Kennedy,Athens International,2021-06-18,Vueling Airlines,Athens International,New York John F. Kennedy,2021-06-28,10
50,2,882,True,"{'CarrierIds': [858], 'OriginId': 60987, 'DestinationId': 40920, 'DepartureDate': '2021-06-18T00:00:00'}","{'CarrierIds': [858], 'OriginId': 40920, 'DestinationId': 60987, 'DepartureDate': '2021-06-28T00:00:00'}",2021-04-28T15:10:00,Alitalia,New York John F. Kennedy,Athens International,2021-06-18,Alitalia,Athens International,New York John F. Kennedy,2021-06-28,10
51,1,629,False,"{'CarrierIds': [1218], 'OriginId': 60987, 'DestinationId': 40920, 'DepartureDate': '2021-06-19T00:00:00'}","{'CarrierIds': [819], 'OriginId': 40920, 'DestinationId': 60987, 'DepartureDate': '2021-06-29T00:00:00'}",2021-04-28T01:06:00,Iberia,New York John F. Kennedy,Athens International,2021-06-19,Aegean Airlines,Athens International,New York John F. Kennedy,2021-06-29,10
52,2,673,False,"{'CarrierIds': [1324], 'OriginId': 60987, 'DestinationId': 61323, 'DepartureDate': '2021-06-19T00:00:00'}","{'CarrierIds': [1202], 'OriginId': 61323, 'DestinationId': 60987, 'DepartureDate': '2021-06-29T00:00:00'}",2021-04-27T14:28:00,KLM,New York John F. Kennedy,Mykonos,2021-06-19,Iberia Express,Mykonos,New York John F. Kennedy,2021-06-29,10
53,3,781,True,"{'CarrierIds': [858], 'OriginId': 60987, 'DestinationId': 40920, 'DepartureDate': '2021-06-19T00:00:00'}","{'CarrierIds': [858], 'OriginId': 40920, 'DestinationId': 60987, 'DepartureDate': '2021-06-29T00:00:00'}",2021-04-28T01:06:00,Alitalia,New York John F. Kennedy,Athens International,2021-06-19,Alitalia,Athens International,New York John F. Kennedy,2021-06-29,10
54,4,873,False,"{'CarrierIds': [857], 'OriginId': 60987, 'DestinationId': 56338, 'DepartureDate': '2021-06-19T00:00:00'}","{'CarrierIds': [881], 'OriginId': 56338, 'DestinationId': 60987, 'DepartureDate': '2021-06-29T00:00:00'}",2021-04-28T02:39:00,Finnair,New York John F. Kennedy,Crete Heraklion,2021-06-19,British Airways,Crete Heraklion,New York John F. Kennedy,2021-06-29,10
55,1,766,False,"{'CarrierIds': [857], 'OriginId': 60987, 'DestinationId': 40920, 'DepartureDate': '2021-06-20T00:00:00'}","{'CarrierIds': [881], 'OriginId': 40920, 'DestinationId': 60987, 'DepartureDate': '2021-06-30T00:00:00'}",2021-04-28T13:26:00,Finnair,New York John F. Kennedy,Athens International,2021-06-20,British Airways,Athens International,New York John F. Kennedy,2021-06-30,10
56,2,1351,False,"{'CarrierIds': [1035], 'OriginId': 50290, 'DestinationId': 61323, 'DepartureDate': '2021-06-20T00:00:00'}","{'CarrierIds': [819], 'OriginId': 61323, 'DestinationId': 50290, 'DepartureDate': '2021-06-30T00:00:00'}",2021-04-25T15:48:00,Emirates,New York Newark,Mykonos,2021-06-20,Aegean Airlines,Mykonos,New York Newark,2021-06-30,10
57,1,642,False,"{'CarrierIds': [1033], 'OriginId': 60987, 'DestinationId': 40920, 'DepartureDate': '2021-06-21T00:00:00'}","{'CarrierIds': [1033], 'OriginId': 40920, 'DestinationId': 60987, 'DepartureDate': '2021-07-01T00:00:00'}",2021-04-28T13:26:00,Aer Lingus,New York John F. Kennedy,Athens International,2021-06-21,Aer Lingus,Athens International,New York John F. Kennedy,2021-07-01,10
58,2,683,True,"{'CarrierIds': [858], 'OriginId': 60987, 'DestinationId': 40920, 'DepartureDate': '2021-06-21T00:00:00'}","{'CarrierIds': [858], 'OriginId': 40920, 'DestinationId': 60987, 'DepartureDate': '2021-07-01T00:00:00'}",2021-04-28T13:26:00,Alitalia,New York John F. Kennedy,Athens International,2021-06-21,Alitalia,Athens International,New York John F. Kennedy,2021-07-01,10
59,1,935,False,"{'CarrierIds': [1755], 'OriginId': 50290, 'DestinationId': 40920, 'DepartureDate': '2021-06-22T00:00:00'}","{'CarrierIds': [1755], 'OriginId': 40920, 'DestinationId': 50290, 'DepartureDate': '2021-07-02T00:00:00'}",2021-04-28T13:26:00,Turkish Airlines,New York Newark,Athens International,2021-06-22,Turkish Airlines,Athens International,New York Newark,2021-07-02,10
60,1,755,False,"{'CarrierIds': [1033], 'OriginId': 60987, 'DestinationId': 40920, 'DepartureDate': '2021-06-23T00:00:00'}","{'CarrierIds': [1033], 'OriginId': 40920, 'DestinationId': 60987, 'DepartureDate': '2021-07-03T00:00:00'}",2021-04-26T17:05:00,Aer Lingus,New York John F. Kennedy,Athens International,2021-06-23,Aer Lingus,Athens International,New York John F. Kennedy,2021-07-03,10
61,2,1732,False,"{'CarrierIds': [1755], 'OriginId': 60987, 'DestinationId': 64049, 'DepartureDate': '2021-06-23T00:00:00'}","{'CarrierIds': [819], 'OriginId': 64049, 'DestinationId': 60987, 'DepartureDate': '2021-07-03T00:00:00'}",2021-04-25T00:11:00,Turkish Airlines,New York John F. Kennedy,Kavala Alexandros,2021-06-23,Aegean Airlines,Kavala Alexandros,New York John F. Kennedy,2021-07-03,10
62,1,698,False,"{'CarrierIds': [1793], 'OriginId': 60987, 'DestinationId': 40920, 'DepartureDate': '2021-06-24T00:00:00'}","{'CarrierIds': [1090], 'OriginId': 40920, 'DestinationId': 50290, 'DepartureDate': '2021-07-04T00:00:00'}",2021-04-25T22:42:00,United,New York John F. Kennedy,Athens International,2021-06-24,Ryanair,Athens International,New York Newark,2021-07-04,10
63,2,865,False,"{'CarrierIds': [1793], 'OriginId': 50290, 'DestinationId': 64049, 'DepartureDate': '2021-06-24T00:00:00'}","{'CarrierIds': [1505], 'OriginId': 64049, 'DestinationId': 50290, 'DepartureDate': '2021-07-04T00:00:00'}",2021-04-25T00:16:00,United,New York Newark,Kavala Alexandros,2021-06-24,Olympic Air,Kavala Alexandros,New York Newark,2021-07-04,10
64,3,896,True,"{'CarrierIds': [858], 'OriginId': 60987, 'DestinationId': 40920, 'DepartureDate': '2021-06-24T00:00:00'}","{'CarrierIds': [858], 'OriginId': 40920, 'DestinationId': 60987, 'DepartureDate': '2021-07-04T00:00:00'}",2021-04-25T22:42:00,Alitalia,New York John F. Kennedy,Athens International,2021-06-24,Alitalia,Athens International,New York John F. Kennedy,2021-07-04,10
65,4,1257,False,"{'CarrierIds': [857], 'OriginId': 60987, 'DestinationId': 61666, 'DepartureDate': '2021-06-24T00:00:00'}","{'CarrierIds': [881], 'OriginId': 61666, 'DestinationId': 60987, 'DepartureDate': '2021-07-04T00:00:00'}",2021-04-25T16:07:00,Finnair,New York John F. Kennedy,Santorini (Thira),2021-06-24,British Airways,Santorini (Thira),New York John F. Kennedy,2021-07-04,10
66,1,614,False,"{'CarrierIds': [1324], 'OriginId': 60987, 'DestinationId': 40920, 'DepartureDate': '2021-06-25T00:00:00'}","{'CarrierIds': [1190], 'OriginId': 40920, 'DestinationId': 50290, 'DepartureDate': '2021-07-05T00:00:00'}",2021-04-28T16:04:00,KLM,New York John F. Kennedy,Athens International,2021-06-25,transavia,Athens International,New York Newark,2021-07-05,10
67,2,721,False,"{'CarrierIds': [1816], 'OriginId': 60987, 'DestinationId': 61666, 'DepartureDate': '2021-06-25T00:00:00'}","{'CarrierIds': [1190], 'OriginId': 61666, 'DestinationId': 50290, 'DepartureDate': '2021-07-05T00:00:00'}",2021-04-25T15:06:00,Air Europa,New York John F. Kennedy,Santorini (Thira),2021-06-25,transavia,Santorini (Thira),New York Newark,2021-07-05,10
68,3,975,True,"{'CarrierIds': [1324], 'OriginId': 60987, 'DestinationId': 40920, 'DepartureDate': '2021-06-25T00:00:00'}","{'CarrierIds': [858], 'OriginId': 40920, 'DestinationId': 60987, 'DepartureDate': '2021-07-05T00:00:00'}",2021-04-28T16:04:00,KLM,New York John F. Kennedy,Athens International,2021-06-25,Alitalia,Athens International,New York John F. Kennedy,2021-07-05,10
69,1,700,False,"{'CarrierIds': [1793], 'OriginId': 50290, 'DestinationId': 40920, 'DepartureDate': '2021-06-26T00:00:00'}","{'CarrierIds': [50441], 'OriginId': 40920, 'DestinationId': 50290, 'DepartureDate': '2021-07-06T00:00:00'}",2021-04-27T14:05:00,United,New York Newark,Athens International,2021-06-26,easyJet,Athens International,New York Newark,2021-07-06,10
70,2,738,False,"{'CarrierIds': [886], 'OriginId': 50290, 'DestinationId': 61666, 'DepartureDate': '2021-06-26T00:00:00'}","{'CarrierIds': [1831], 'OriginId': 61666, 'DestinationId': 50290, 'DepartureDate': '2021-07-06T00:00:00'}",2021-04-27T14:06:00,French Bee,New York Newark,Santorini (Thira),2021-06-26,Volotea,Santorini (Thira),New York Newark,2021-07-06,10
71,3,760,False,"{'CarrierIds': [1324], 'OriginId': 60987, 'DestinationId': 61323, 'DepartureDate': '2021-06-26T00:00:00'}","{'CarrierIds': [1831], 'OriginId': 61323, 'DestinationId': 50290, 'DepartureDate': '2021-07-06T00:00:00'}",2021-04-27T13:05:00,KLM,New York John F. Kennedy,Mykonos,2021-06-26,Volotea,Mykonos,New York Newark,2021-07-06,10
72,4,806,True,"{'CarrierIds': [838], 'OriginId': 60987, 'DestinationId': 40920, 'DepartureDate': '2021-06-26T00:00:00'}","{'CarrierIds': [1324], 'OriginId': 40920, 'DestinationId': 60987, 'DepartureDate': '2021-07-06T00:00:00'}",2021-04-27T13:06:00,Air France,New York John F. Kennedy,Athens International,2021-06-26,KLM,Athens International,New York John F. Kennedy,2021-07-06,10
73,1,597,False,"{'CarrierIds': [1816], 'OriginId': 60987, 'DestinationId': 40920, 'DepartureDate': '2021-06-27T00:00:00'}","{'CarrierIds': [1190], 'OriginId': 40920, 'DestinationId': 50290, 'DepartureDate': '2021-07-07T00:00:00'}",2021-04-26T21:56:00,Air Europa,New York John F. Kennedy,Athens International,2021-06-27,transavia,Athens International,New York Newark,2021-07-07,10
74,2,691,True,"{'CarrierIds': [1793], 'OriginId': 50290, 'DestinationId': 40920, 'DepartureDate': '2021-06-27T00:00:00'}","{'CarrierIds': [1368], 'OriginId': 40920, 'DestinationId': 50290, 'DepartureDate': '2021-07-07T00:00:00'}",2021-04-26T21:56:00,United,New York Newark,Athens International,2021-06-27,Lufthansa,Athens International,New York Newark,2021-07-07,10
75,3,1057,False,"{'CarrierIds': [857], 'OriginId': 60987, 'DestinationId': 61666, 'DepartureDate': '2021-06-27T00:00:00'}","{'CarrierIds': [1218], 'OriginId': 61666, 'DestinationId': 60987, 'DepartureDate': '2021-07-07T00:00:00'}",2021-04-27T14:06:00,Finnair,New York John F. Kennedy,Santorini (Thira),2021-06-27,Iberia,Santorini (Thira),New York John F. Kennedy,2021-07-07,10
76,4,1127,False,"{'CarrierIds': [1218], 'OriginId': 60987, 'DestinationId': 61323, 'DepartureDate': '2021-06-27T00:00:00'}","{'CarrierIds': [1218], 'OriginId': 61323, 'DestinationId': 60987, 'DepartureDate': '2021-07-07T00:00:00'}",2021-04-27T13:05:00,Iberia,New York John F. Kennedy,Mykonos,2021-06-27,Iberia,Mykonos,New York John F. Kennedy,2021-07-07,10
77,5,1313,False,"{'CarrierIds': [1035], 'OriginId': 50290, 'DestinationId': 56338, 'DepartureDate': '2021-06-27T00:00:00'}","{'CarrierIds': [819], 'OriginId': 56338, 'DestinationId': 50290, 'DepartureDate': '2021-07-07T00:00:00'}",2021-04-27T05:22:00,Emirates,New York Newark,Crete Heraklion,2021-06-27,Aegean Airlines,Crete Heraklion,New York Newark,2021-07-07,10
78,1,692,True,"{'CarrierIds': [1793], 'OriginId': 50290, 'DestinationId': 40920, 'DepartureDate': '2021-06-28T00:00:00'}","{'CarrierIds': [1368], 'OriginId': 40920, 'DestinationId': 50290, 'DepartureDate': '2021-07-08T00:00:00'}",2021-04-27T13:37:00,United,New York Newark,Athens International,2021-06-28,Lufthansa,Athens International,New York Newark,2021-07-08,10
79,1,766,False,"{'CarrierIds': [857], 'OriginId': 60987, 'DestinationId': 40920, 'DepartureDate': '2021-06-29T00:00:00'}","{'CarrierIds': [881], 'OriginId': 40920, 'DestinationId': 60987, 'DepartureDate': '2021-07-09T00:00:00'}",2021-04-28T16:01:00,Finnair,New York John F. Kennedy,Athens International,2021-06-29,British Airways,Athens International,New York John F. Kennedy,2021-07-09,10
80,1,640,False,"{'CarrierIds': [1033], 'OriginId': 60987, 'DestinationId': 40920, 'DepartureDate': '2021-06-30T00:00:00'}","{'CarrierIds': [1033], 'OriginId': 40920, 'DestinationId': 60987, 'DepartureDate': '2021-07-10T00:00:00'}",2021-04-26T01:16:00,Aer Lingus,New York John F. Kennedy,Athens International,2021-06-30,Aer Lingus,Athens International,New York John F. Kennedy,2021-07-10,10
81,2,954,True,"{'CarrierIds': [838], 'OriginId': 60987, 'DestinationId': 40920, 'DepartureDate': '2021-06-30T00:00:00'}","{'CarrierIds': [838], 'OriginId': 40920, 'DestinationId': 60987, 'DepartureDate': '2021-07-10T00:00:00'}",2021-04-26T01:16:00,Air France,New York John F. Kennedy,Athens International,2021-06-30,Air France,Athens International,New York John F. Kennedy,2021-07-10,10
82,1,739,False,"{'CarrierIds': [857], 'OriginId': 60987, 'DestinationId': 40920, 'DepartureDate': '2021-07-01T00:00:00'}","{'CarrierIds': [1755], 'OriginId': 40920, 'DestinationId': 60987, 'DepartureDate': '2021-07-11T00:00:00'}",2021-04-27T20:42:00,Finnair,New York John F. Kennedy,Athens International,2021-07-01,Turkish Airlines,Athens International,New York John F. Kennedy,2021-07-11,10
83,2,1105,True,"{'CarrierIds': [1324], 'OriginId': 60987, 'DestinationId': 40920, 'DepartureDate': '2021-07-01T00:00:00'}","{'CarrierIds': [838], 'OriginId': 40920, 'DestinationId': 60987, 'DepartureDate': '2021-07-11T00:00:00'}",2021-04-27T15:00:00,KLM,New York John F. Kennedy,Athens International,2021-07-01,Air France,Athens International,New York John F. Kennedy,2021-07-11,10
84,3,1220,False,"{'CarrierIds': [857], 'OriginId': 60987, 'DestinationId': 61666, 'DepartureDate': '2021-07-01T00:00:00'}","{'CarrierIds': [881], 'OriginId': 61666, 'DestinationId': 60987, 'DepartureDate': '2021-07-11T00:00:00'}",2021-04-27T23:38:00,Finnair,New York John F. Kennedy,Santorini (Thira),2021-07-01,British Airways,Santorini (Thira),New York John F. Kennedy,2021-07-11,10
85,1,793,False,"{'CarrierIds': [1755], 'OriginId': 60987, 'DestinationId': 40920, 'DepartureDate': '2021-07-02T00:00:00'}","{'CarrierIds': [1755], 'OriginId': 40920, 'DestinationId': 60987, 'DepartureDate': '2021-07-12T00:00:00'}",2021-04-27T19:41:00,Turkish Airlines,New York John F. Kennedy,Athens International,2021-07-02,Turkish Airlines,Athens International,New York John F. Kennedy,2021-07-12,10
86,2,949,True,"{'CarrierIds': [1793], 'OriginId': 50290, 'DestinationId': 40920, 'DepartureDate': '2021-07-02T00:00:00'}","{'CarrierIds': [1368], 'OriginId': 40920, 'DestinationId': 50290, 'DepartureDate': '2021-07-12T00:00:00'}",2021-04-27T19:42:00,United,New York Newark,Athens International,2021-07-02,Lufthansa,Athens International,New York Newark,2021-07-12,10
87,3,953,False,"{'CarrierIds': [857], 'OriginId': 60987, 'DestinationId': 61666, 'DepartureDate': '2021-07-02T00:00:00'}","{'CarrierIds': [881], 'OriginId': 61666, 'DestinationId': 60987, 'DepartureDate': '2021-07-12T00:00:00'}",2021-04-27T23:38:00,Finnair,New York John F. Kennedy,Santorini (Thira),2021-07-02,British Airways,Santorini (Thira),New York John F. Kennedy,2021-07-12,10
88,4,1226,False,"{'CarrierIds': [1035], 'OriginId': 50290, 'DestinationId': 79519, 'DepartureDate': '2021-07-02T00:00:00'}","{'CarrierIds': [819], 'OriginId': 79519, 'DestinationId': 50290, 'DepartureDate': '2021-07-12T00:00:00'}",2021-04-27T13:35:00,Emirates,New York Newark,Rhodes,2021-07-02,Aegean Airlines,Rhodes,New York Newark,2021-07-12,10
89,1,727,False,"{'CarrierIds': [1760], 'OriginId': 50290, 'DestinationId': 40920, 'DepartureDate': '2021-06-18T00:00:00'}","{'CarrierIds': [1384], 'OriginId': 40920, 'DestinationId': 50290, 'DepartureDate': '2021-06-29T00:00:00'}",2021-04-28T15:29:00,TAP Air Portugal,New York Newark,Athens International,2021-06-18,SWISS,Athens International,New York Newark,2021-06-29,11
90,2,783,True,"{'CarrierIds': [858], 'OriginId': 60987, 'DestinationId': 40920, 'DepartureDate': '2021-06-18T00:00:00'}","{'CarrierIds': [858], 'OriginId': 40920, 'DestinationId': 60987, 'DepartureDate': '2021-06-29T00:00:00'}",2021-04-28T15:29:00,Alitalia,New York John F. Kennedy,Athens International,2021-06-18,Alitalia,Athens International,New York John F. Kennedy,2021-06-29,11
91,1,623,False,"{'CarrierIds': [1760], 'OriginId': 50290, 'DestinationId': 40920, 'DepartureDate': '2021-06-19T00:00:00'}","{'CarrierIds': [819], 'OriginId': 40920, 'DestinationId': 50290, 'DepartureDate': '2021-06-30T00:00:00'}",2021-04-28T12:54:00,TAP Air Portugal,New York Newark,Athens International,2021-06-19,Aegean Airlines,Athens International,New York Newark,2021-06-30,11
92,2,782,True,"{'CarrierIds': [858], 'OriginId': 60987, 'DestinationId': 40920, 'DepartureDate': '2021-06-19T00:00:00'}","{'CarrierIds': [858], 'OriginId': 40920, 'DestinationId': 60987, 'DepartureDate': '2021-06-30T00:00:00'}",2021-04-28T12:54:00,Alitalia,New York John F. Kennedy,Athens International,2021-06-19,Alitalia,Athens International,New York John F. Kennedy,2021-06-30,11
93,1,773,False,"{'CarrierIds': [857], 'OriginId': 60987, 'DestinationId': 40920, 'DepartureDate': '2021-06-20T00:00:00'}","{'CarrierIds': [881], 'OriginId': 40920, 'DestinationId': 60987, 'DepartureDate': '2021-07-01T00:00:00'}",2021-04-28T13:26:00,Finnair,New York John F. Kennedy,Athens International,2021-06-20,British Airways,Athens International,New York John F. Kennedy,2021-07-01,11
94,1,766,False,"{'CarrierIds': [857], 'OriginId': 60987, 'DestinationId': 40920, 'DepartureDate': '2021-06-21T00:00:00'}","{'CarrierIds': [881], 'OriginId': 40920, 'DestinationId': 60987, 'DepartureDate': '2021-07-02T00:00:00'}",2021-04-28T13:26:00,Finnair,New York John F. Kennedy,Athens International,2021-06-21,British Airways,Athens International,New York John F. Kennedy,2021-07-02,11
95,1,796,False,"{'CarrierIds': [1755], 'OriginId': 50290, 'DestinationId': 40920, 'DepartureDate': '2021-06-22T00:00:00'}","{'CarrierIds': [1755], 'OriginId': 40920, 'DestinationId': 50290, 'DepartureDate': '2021-07-03T00:00:00'}",2021-04-26T17:05:00,Turkish Airlines,New York Newark,Athens International,2021-06-22,Turkish Airlines,Athens International,New York Newark,2021-07-03,11
96,2,1414,False,"{'CarrierIds': [1035], 'OriginId': 50290, 'DestinationId': 64049, 'DepartureDate': '2021-06-22T00:00:00'}","{'CarrierIds': [819], 'OriginId': 64049, 'DestinationId': 50290, 'DepartureDate': '2021-07-03T00:00:00'}",2021-04-25T00:11:00,Emirates,New York Newark,Kavala Alexandros,2021-06-22,Aegean Airlines,Kavala Alexandros,New York Newark,2021-07-03,11
97,1,680,False,"{'CarrierIds': [1793], 'OriginId': 50290, 'DestinationId': 40920, 'DepartureDate': '2021-06-23T00:00:00'}","{'CarrierIds': [1090], 'OriginId': 40920, 'DestinationId': 50290, 'DepartureDate': '2021-07-04T00:00:00'}",2021-04-26T17:38:00,United,New York Newark,Athens International,2021-06-23,Ryanair,Athens International,New York Newark,2021-07-04,11
98,2,783,True,"{'CarrierIds': [858], 'OriginId': 60987, 'DestinationId': 40920, 'DepartureDate': '2021-06-23T00:00:00'}","{'CarrierIds': [858], 'OriginId': 40920, 'DestinationId': 60987, 'DepartureDate': '2021-07-04T00:00:00'}",2021-04-26T17:05:00,Alitalia,New York John F. Kennedy,Athens International,2021-06-23,Alitalia,Athens International,New York John F. Kennedy,2021-07-04,11
99,3,880,False,"{'CarrierIds': [1793], 'OriginId': 50290, 'DestinationId': 64049, 'DepartureDate': '2021-06-23T00:00:00'}","{'CarrierIds': [1505], 'OriginId': 64049, 'DestinationId': 50290, 'DepartureDate': '2021-07-04T00:00:00'}",2021-04-25T00:11:00,United,New York Newark,Kavala Alexandros,2021-06-23,Olympic Air,Kavala Alexandros,New York Newark,2021-07-04,11
100,4,1012,False,"{'CarrierIds': [1755], 'OriginId': 60987, 'DestinationId': 81959, 'DepartureDate': '2021-06-23T00:00:00'}","{'CarrierIds': [1755], 'OriginId': 81959, 'DestinationId': 60987, 'DepartureDate': '2021-07-04T00:00:00'}",2021-04-25T00:11:00,Turkish Airlines,New York John F. Kennedy,Thessaloniki,2021-06-23,Turkish Airlines,Thessaloniki,New York John F. Kennedy,2021-07-04,11
101,1,602,False,"{'CarrierIds': [838], 'OriginId': 60987, 'DestinationId': 61323, 'DepartureDate': '2021-06-24T00:00:00'}","{'CarrierIds': [1190], 'OriginId': 61323, 'DestinationId': 50290, 'DepartureDate': '2021-07-05T00:00:00'}",2021-04-28T11:48:00,Air France,New York John F. Kennedy,Mykonos,2021-06-24,transavia,Mykonos,New York Newark,2021-07-05,11
102,2,615,False,"{'CarrierIds': [838], 'OriginId': 60987, 'DestinationId': 40920, 'DepartureDate': '2021-06-24T00:00:00'}","{'CarrierIds': [1190], 'OriginId': 40920, 'DestinationId': 50290, 'DepartureDate': '2021-07-05T00:00:00'}",2021-04-28T11:48:00,Air France,New York John F. Kennedy,Athens International,2021-06-24,transavia,Athens International,New York Newark,2021-07-05,11
103,3,882,True,"{'CarrierIds': [858], 'OriginId': 60987, 'DestinationId': 40920, 'DepartureDate': '2021-06-24T00:00:00'}","{'CarrierIds': [858], 'OriginId': 40920, 'DestinationId': 60987, 'DepartureDate': '2021-07-05T00:00:00'}",2021-04-28T11:48:00,Alitalia,New York John F. Kennedy,Athens International,2021-06-24,Alitalia,Athens International,New York John F. Kennedy,2021-07-05,11
104,4,952,False,"{'CarrierIds': [857], 'OriginId': 60987, 'DestinationId': 61666, 'DepartureDate': '2021-06-24T00:00:00'}","{'CarrierIds': [881], 'OriginId': 61666, 'DestinationId': 60987, 'DepartureDate': '2021-07-05T00:00:00'}",2021-04-25T16:07:00,Finnair,New York John F. Kennedy,Santorini (Thira),2021-06-24,British Airways,Santorini (Thira),New York John F. Kennedy,2021-07-05,11
105,5,1414,False,"{'CarrierIds': [1035], 'OriginId': 50290, 'DestinationId': 64049, 'DepartureDate': '2021-06-24T00:00:00'}","{'CarrierIds': [819], 'OriginId': 64049, 'DestinationId': 50290, 'DepartureDate': '2021-07-05T00:00:00'}",2021-04-25T00:11:00,Emirates,New York Newark,Kavala Alexandros,2021-06-24,Aegean Airlines,Kavala Alexandros,New York Newark,2021-07-05,11
106,1,640,False,"{'CarrierIds': [1816], 'OriginId': 60987, 'DestinationId': 40920, 'DepartureDate': '2021-06-25T00:00:00'}","{'CarrierIds': [50441], 'OriginId': 40920, 'DestinationId': 50290, 'DepartureDate': '2021-07-06T00:00:00'}",2021-04-25T23:20:00,Air Europa,New York John F. Kennedy,Athens International,2021-06-25,easyJet,Athens International,New York Newark,2021-07-06,11
107,2,805,True,"{'CarrierIds': [1324], 'OriginId': 60987, 'DestinationId': 40920, 'DepartureDate': '2021-06-25T00:00:00'}","{'CarrierIds': [838], 'OriginId': 40920, 'DestinationId': 60987, 'DepartureDate': '2021-07-06T00:00:00'}",2021-04-26T14:12:00,KLM,New York John F. Kennedy,Athens International,2021-06-25,Air France,Athens International,New York John F. Kennedy,2021-07-06,11
108,1,575,False,"{'CarrierIds': [1760], 'OriginId': 50290, 'DestinationId': 40920, 'DepartureDate': '2021-06-26T00:00:00'}","{'CarrierIds': [1190], 'OriginId': 40920, 'DestinationId': 50290, 'DepartureDate': '2021-07-07T00:00:00'}",2021-04-28T00:40:00,TAP Air Portugal,New York Newark,Athens International,2021-06-26,transavia,Athens International,New York Newark,2021-07-07,11
109,2,806,True,"{'CarrierIds': [1324], 'OriginId': 60987, 'DestinationId': 40920, 'DepartureDate': '2021-06-26T00:00:00'}","{'CarrierIds': [838], 'OriginId': 40920, 'DestinationId': 60987, 'DepartureDate': '2021-07-07T00:00:00'}",2021-04-27T21:57:00,KLM,New York John F. Kennedy,Athens International,2021-06-26,Air France,Athens International,New York John F. Kennedy,2021-07-07,11
110,3,1155,False,"{'CarrierIds': [1218], 'OriginId': 60987, 'DestinationId': 61323, 'DepartureDate': '2021-06-26T00:00:00'}","{'CarrierIds': [1218], 'OriginId': 61323, 'DestinationId': 60987, 'DepartureDate': '2021-07-07T00:00:00'}",2021-04-27T13:05:00,Iberia,New York John F. Kennedy,Mykonos,2021-06-26,Iberia,Mykonos,New York John F. Kennedy,2021-07-07,11
111,4,1163,False,"{'CarrierIds': [1218], 'OriginId': 60987, 'DestinationId': 61666, 'DepartureDate': '2021-06-26T00:00:00'}","{'CarrierIds': [1218], 'OriginId': 61666, 'DestinationId': 60987, 'DepartureDate': '2021-07-07T00:00:00'}",2021-04-27T14:06:00,Iberia,New York John F. Kennedy,Santorini (Thira),2021-06-26,Iberia,Santorini (Thira),New York John F. Kennedy,2021-07-07,11
112,1,620,False,"{'CarrierIds': [1816], 'OriginId': 60987, 'DestinationId': 40920, 'DepartureDate': '2021-06-27T00:00:00'}","{'CarrierIds': [50441], 'OriginId': 40920, 'DestinationId': 50290, 'DepartureDate': '2021-07-08T00:00:00'}",2021-04-25T13:33:00,Air Europa,New York John F. Kennedy,Athens International,2021-06-27,easyJet,Athens International,New York Newark,2021-07-08,11
113,2,691,True,"{'CarrierIds': [1793], 'OriginId': 50290, 'DestinationId': 40920, 'DepartureDate': '2021-06-27T00:00:00'}","{'CarrierIds': [1368], 'OriginId': 40920, 'DestinationId': 50290, 'DepartureDate': '2021-07-08T00:00:00'}",2021-04-25T18:02:00,United,New York Newark,Athens International,2021-06-27,Lufthansa,Athens International,New York Newark,2021-07-08,11
114,1,889,False,"{'CarrierIds': [1707], 'OriginId': 50290, 'DestinationId': 40920, 'DepartureDate': '2021-06-28T00:00:00'}","{'CarrierIds': [1707], 'OriginId': 40920, 'DestinationId': 50290, 'DepartureDate': '2021-07-09T00:00:00'}",2021-04-27T14:32:00,SAS,New York Newark,Athens International,2021-06-28,SAS,Athens International,New York Newark,2021-07-09,11
115,1,809,False,"{'CarrierIds': [835], 'OriginId': 65633, 'DestinationId': 40920, 'DepartureDate': '2021-06-29T00:00:00'}","{'CarrierIds': [835], 'OriginId': 40920, 'DestinationId': 50290, 'DepartureDate': '2021-07-10T00:00:00'}",2021-04-26T17:02:00,Air Canada,New York LaGuardia,Athens International,2021-06-29,Air Canada,Athens International,New York Newark,2021-07-10,11
116,2,963,True,"{'CarrierIds': [1793], 'OriginId': 50290, 'DestinationId': 40920, 'DepartureDate': '2021-06-29T00:00:00'}","{'CarrierIds': [1793], 'OriginId': 40920, 'DestinationId': 50290, 'DepartureDate': '2021-07-10T00:00:00'}",2021-04-26T17:02:00,United,New York Newark,Athens International,2021-06-29,United,Athens International,New York Newark,2021-07-10,11
117,1,753,False,"{'CarrierIds': [1375], 'OriginId': 60987, 'DestinationId': 40920, 'DepartureDate': '2021-06-30T00:00:00'}","{'CarrierIds': [1375], 'OriginId': 40920, 'DestinationId': 60987, 'DepartureDate': '2021-07-11T00:00:00'}",2021-04-26T01:19:00,LOT,New York John F. Kennedy,Athens International,2021-06-30,LOT,Athens International,New York John F. Kennedy,2021-07-11,11
118,2,983,True,"{'CarrierIds': [1793], 'OriginId': 50290, 'DestinationId': 40920, 'DepartureDate': '2021-06-30T00:00:00'}","{'CarrierIds': [1793], 'OriginId': 40920, 'DestinationId': 50290, 'DepartureDate': '2021-07-11T00:00:00'}",2021-04-26T01:19:00,United,New York Newark,Athens International,2021-06-30,United,Athens International,New York Newark,2021-07-11,11
119,1,902,False,"{'CarrierIds': [1285], 'OriginId': 60987, 'DestinationId': 40920, 'DepartureDate': '2021-07-01T00:00:00'}","{'CarrierIds': [1285], 'OriginId': 40920, 'DestinationId': 60987, 'DepartureDate': '2021-07-12T00:00:00'}",2021-04-28T18:41:00,Air Serbia,New York John F. Kennedy,Athens International,2021-07-01,Air Serbia,Athens International,New York John F. Kennedy,2021-07-12,11
120,2,977,False,"{'CarrierIds': [857], 'OriginId': 60987, 'DestinationId': 61666, 'DepartureDate': '2021-07-01T00:00:00'}","{'CarrierIds': [881], 'OriginId': 61666, 'DestinationId': 60987, 'DepartureDate': '2021-07-12T00:00:00'}",2021-04-27T23:38:00,Finnair,New York John F. Kennedy,Santorini (Thira),2021-07-01,British Airways,Santorini (Thira),New York John F. Kennedy,2021-07-12,11
121,1,667,False,"{'CarrierIds': [1793], 'OriginId': 50290, 'DestinationId': 40920, 'DepartureDate': '2021-06-18T00:00:00'}","{'CarrierIds': [819], 'OriginId': 40920, 'DestinationId': 60987, 'DepartureDate': '2021-06-30T00:00:00'}",2021-04-26T01:56:00,United,New York Newark,Athens International,2021-06-18,Aegean Airlines,Athens International,New York John F. Kennedy,2021-06-30,12
122,2,804,True,"{'CarrierIds': [858], 'OriginId': 60987, 'DestinationId': 40920, 'DepartureDate': '2021-06-18T00:00:00'}","{'CarrierIds': [858], 'OriginId': 40920, 'DestinationId': 60987, 'DepartureDate': '2021-06-30T00:00:00'}",2021-04-26T01:55:00,Alitalia,New York John F. Kennedy,Athens International,2021-06-18,Alitalia,Athens International,New York John F. Kennedy,2021-06-30,12
123,1,732,False,"{'CarrierIds': [1081], 'OriginId': 60987, 'DestinationId': 40920, 'DepartureDate': '2021-06-19T00:00:00'}","{'CarrierIds': [1881], 'OriginId': 40920, 'DestinationId': 60987, 'DepartureDate': '2021-07-01T00:00:00'}",2021-04-26T04:32:00,Icelandair,New York John F. Kennedy,Athens International,2021-06-19,Wizz Air UK,Athens International,New York John F. Kennedy,2021-07-01,12
124,2,780,True,"{'CarrierIds': [858], 'OriginId': 60987, 'DestinationId': 40920, 'DepartureDate': '2021-06-19T00:00:00'}","{'CarrierIds': [858], 'OriginId': 40920, 'DestinationId': 60987, 'DepartureDate': '2021-07-01T00:00:00'}",2021-04-25T23:46:00,Alitalia,New York John F. Kennedy,Athens International,2021-06-19,Alitalia,Athens International,New York John F. Kennedy,2021-07-01,12
125,1,684,True,"{'CarrierIds': [858], 'OriginId': 60987, 'DestinationId': 40920, 'DepartureDate': '2021-06-20T00:00:00'}","{'CarrierIds': [858], 'OriginId': 40920, 'DestinationId': 60987, 'DepartureDate': '2021-07-02T00:00:00'}",2021-04-28T13:26:00,Alitalia,New York John F. Kennedy,Athens International,2021-06-20,Alitalia,Athens International,New York John F. Kennedy,2021-07-02,12
126,1,944,False,"{'CarrierIds': [1755], 'OriginId': 50290, 'DestinationId': 40920, 'DepartureDate': '2021-06-22T00:00:00'}","{'CarrierIds': [1755], 'OriginId': 40920, 'DestinationId': 50290, 'DepartureDate': '2021-07-04T00:00:00'}",2021-04-27T10:48:00,Turkish Airlines,New York Newark,Athens International,2021-06-22,Turkish Airlines,Athens International,New York Newark,2021-07-04,12
127,2,1414,False,"{'CarrierIds': [1035], 'OriginId': 50290, 'DestinationId': 64049, 'DepartureDate': '2021-06-22T00:00:00'}","{'CarrierIds': [819], 'OriginId': 64049, 'DestinationId': 50290, 'DepartureDate': '2021-07-04T00:00:00'}",2021-04-25T00:11:00,Emirates,New York Newark,Kavala Alexandros,2021-06-22,Aegean Airlines,Kavala Alexandros,New York Newark,2021-07-04,12
128,1,671,False,"{'CarrierIds': [1793], 'OriginId': 50290, 'DestinationId': 40920, 'DepartureDate': '2021-06-23T00:00:00'}","{'CarrierIds': [1190], 'OriginId': 40920, 'DestinationId': 50290, 'DepartureDate': '2021-07-05T00:00:00'}",2021-04-26T17:00:00,United,New York Newark,Athens International,2021-06-23,transavia,Athens International,New York Newark,2021-07-05,12
129,2,804,True,"{'CarrierIds': [858], 'OriginId': 60987, 'DestinationId': 40920, 'DepartureDate': '2021-06-23T00:00:00'}","{'CarrierIds': [838], 'OriginId': 40920, 'DestinationId': 60987, 'DepartureDate': '2021-07-05T00:00:00'}",2021-04-26T17:00:00,Alitalia,New York John F. Kennedy,Athens International,2021-06-23,Air France,Athens International,New York John F. Kennedy,2021-07-05,12
130,1,935,False,"{'CarrierIds': [1755], 'OriginId': 50290, 'DestinationId': 40920, 'DepartureDate': '2021-06-24T00:00:00'}","{'CarrierIds': [1755], 'OriginId': 40920, 'DestinationId': 50290, 'DepartureDate': '2021-07-06T00:00:00'}",2021-04-28T16:04:00,Turkish Airlines,New York Newark,Athens International,2021-06-24,Turkish Airlines,Athens International,New York Newark,2021-07-06,12
131,2,938,False,"{'CarrierIds': [857], 'OriginId': 60987, 'DestinationId': 61666, 'DepartureDate': '2021-06-24T00:00:00'}","{'CarrierIds': [881], 'OriginId': 61666, 'DestinationId': 60987, 'DepartureDate': '2021-07-06T00:00:00'}",2021-04-25T16:07:00,Finnair,New York John F. Kennedy,Santorini (Thira),2021-06-24,British Airways,Santorini (Thira),New York John F. Kennedy,2021-07-06,12
132,1,607,False,"{'CarrierIds': [1324], 'OriginId': 60987, 'DestinationId': 40920, 'DepartureDate': '2021-06-25T00:00:00'}","{'CarrierIds': [1190], 'OriginId': 40920, 'DestinationId': 50290, 'DepartureDate': '2021-07-07T00:00:00'}",2021-04-28T20:26:00,KLM,New York John F. Kennedy,Athens International,2021-06-25,transavia,Athens International,New York Newark,2021-07-07,12
133,2,1000,True,"{'CarrierIds': [1324], 'OriginId': 60987, 'DestinationId': 40920, 'DepartureDate': '2021-06-25T00:00:00'}","{'CarrierIds': [1324], 'OriginId': 40920, 'DestinationId': 60987, 'DepartureDate': '2021-07-07T00:00:00'}",2021-04-28T03:30:00,KLM,New York John F. Kennedy,Athens International,2021-06-25,KLM,Athens International,New York John F. Kennedy,2021-07-07,12
134,3,1098,False,"{'CarrierIds': [1033], 'OriginId': 60987, 'DestinationId': 61666, 'DepartureDate': '2021-06-25T00:00:00'}","{'CarrierIds': [1033], 'OriginId': 61666, 'DestinationId': 60987, 'DepartureDate': '2021-07-07T00:00:00'}",2021-04-27T14:06:00,Aer Lingus,New York John F. Kennedy,Santorini (Thira),2021-06-25,Aer Lingus,Santorini (Thira),New York John F. Kennedy,2021-07-07,12
135,4,1185,False,"{'CarrierIds': [881], 'OriginId': 60987, 'DestinationId': 61323, 'DepartureDate': '2021-06-25T00:00:00'}","{'CarrierIds': [1218], 'OriginId': 61323, 'DestinationId': 60987, 'DepartureDate': '2021-07-07T00:00:00'}",2021-04-27T13:05:00,British Airways,New York John F. Kennedy,Mykonos,2021-06-25,Iberia,Mykonos,New York John F. Kennedy,2021-07-07,12
136,1,945,False,"{'CarrierIds': [1755], 'OriginId': 50290, 'DestinationId': 40920, 'DepartureDate': '2021-06-26T00:00:00'}","{'CarrierIds': [1755], 'OriginId': 40920, 'DestinationId': 50290, 'DepartureDate': '2021-07-08T00:00:00'}",2021-04-27T18:34:00,Turkish Airlines,New York Newark,Athens International,2021-06-26,Turkish Airlines,Athens International,New York Newark,2021-07-08,12
137,1,799,False,"{'CarrierIds': [857], 'OriginId': 60987, 'DestinationId': 40920, 'DepartureDate': '2021-06-27T00:00:00'}","{'CarrierIds': [881], 'OriginId': 40920, 'DestinationId': 60987, 'DepartureDate': '2021-07-09T00:00:00'}",2021-04-27T00:15:00,Finnair,New York John F. Kennedy,Athens International,2021-06-27,British Airways,Athens International,New York John F. Kennedy,2021-07-09,12
138,1,756,False,"{'CarrierIds': [1033], 'OriginId': 60987, 'DestinationId': 40920, 'DepartureDate': '2021-06-28T00:00:00'}","{'CarrierIds': [1033], 'OriginId': 40920, 'DestinationId': 60987, 'DepartureDate': '2021-07-10T00:00:00'}",2021-04-27T14:32:00,Aer Lingus,New York John F. Kennedy,Athens International,2021-06-28,Aer Lingus,Athens International,New York John F. Kennedy,2021-07-10,12
139,2,959,True,"{'CarrierIds': [1368], 'OriginId': 50290, 'DestinationId': 40920, 'DepartureDate': '2021-06-28T00:00:00'}","{'CarrierIds': [1368], 'OriginId': 40920, 'DestinationId': 50290, 'DepartureDate': '2021-07-10T00:00:00'}",2021-04-26T17:02:00,Lufthansa,New York Newark,Athens International,2021-06-28,Lufthansa,Athens International,New York Newark,2021-07-10,12
140,1,667,False,"{'CarrierIds': [1760], 'OriginId': 50290, 'DestinationId': 40920, 'DepartureDate': '2021-06-29T00:00:00'}","{'CarrierIds': [858], 'OriginId': 40920, 'DestinationId': 50290, 'DepartureDate': '2021-07-11T00:00:00'}",2021-04-28T02:35:00,TAP Air Portugal,New York Newark,Athens International,2021-06-29,Alitalia,Athens International,New York Newark,2021-07-11,12
141,2,1041,True,"{'CarrierIds': [838], 'OriginId': 60987, 'DestinationId': 40920, 'DepartureDate': '2021-06-29T00:00:00'}","{'CarrierIds': [838], 'OriginId': 40920, 'DestinationId': 60987, 'DepartureDate': '2021-07-11T00:00:00'}",2021-04-28T02:35:00,Air France,New York John F. Kennedy,Athens International,2021-06-29,Air France,Athens International,New York John F. Kennedy,2021-07-11,12
142,1,801,False,"{'CarrierIds': [1375], 'OriginId': 60987, 'DestinationId': 61323, 'DepartureDate': '2021-06-30T00:00:00'}","{'CarrierIds': [1375], 'OriginId': 61323, 'DestinationId': 60987, 'DepartureDate': '2021-07-12T00:00:00'}",2021-04-25T19:28:00,LOT,New York John F. Kennedy,Mykonos,2021-06-30,LOT,Mykonos,New York John F. Kennedy,2021-07-12,12
143,1,796,False,"{'CarrierIds': [1755], 'OriginId': 50290, 'DestinationId': 40920, 'DepartureDate': '2021-06-18T00:00:00'}","{'CarrierIds': [1755], 'OriginId': 40920, 'DestinationId': 50290, 'DepartureDate': '2021-07-01T00:00:00'}",2021-04-27T18:23:00,Turkish Airlines,New York Newark,Athens International,2021-06-18,Turkish Airlines,Athens International,New York Newark,2021-07-01,13
144,2,1442,False,"{'CarrierIds': [1035], 'OriginId': 50290, 'DestinationId': 61666, 'DepartureDate': '2021-06-18T00:00:00'}","{'CarrierIds': [819], 'OriginId': 61666, 'DestinationId': 50290, 'DepartureDate': '2021-07-01T00:00:00'}",2021-04-26T11:29:00,Emirates,New York Newark,Santorini (Thira),2021-06-18,Aegean Airlines,Santorini (Thira),New York Newark,2021-07-01,13
145,1,716,False,"{'CarrierIds': [835], 'OriginId': 65633, 'DestinationId': 40920, 'DepartureDate': '2021-06-19T00:00:00'}","{'CarrierIds': [835], 'OriginId': 40920, 'DestinationId': 65633, 'DepartureDate': '2021-07-02T00:00:00'}",2021-04-27T00:17:00,Air Canada,New York LaGuardia,Athens International,2021-06-19,Air Canada,Athens International,New York LaGuardia,2021-07-02,13
146,2,722,False,"{'CarrierIds': [1375], 'OriginId': 60987, 'DestinationId': 61323, 'DepartureDate': '2021-06-19T00:00:00'}","{'CarrierIds': [1375], 'OriginId': 61323, 'DestinationId': 60987, 'DepartureDate': '2021-07-02T00:00:00'}",2021-04-27T00:17:00,LOT,New York John F. Kennedy,Mykonos,2021-06-19,LOT,Mykonos,New York John F. Kennedy,2021-07-02,13
147,3,780,True,"{'CarrierIds': [858], 'OriginId': 60987, 'DestinationId': 40920, 'DepartureDate': '2021-06-19T00:00:00'}","{'CarrierIds': [858], 'OriginId': 40920, 'DestinationId': 60987, 'DepartureDate': '2021-07-02T00:00:00'}",2021-04-27T00:17:00,Alitalia,New York John F. Kennedy,Athens International,2021-06-19,Alitalia,Athens International,New York John F. Kennedy,2021-07-02,13
148,1,944,False,"{'CarrierIds': [1755], 'OriginId': 50290, 'DestinationId': 40920, 'DepartureDate': '2021-06-20T00:00:00'}","{'CarrierIds': [1755], 'OriginId': 40920, 'DestinationId': 50290, 'DepartureDate': '2021-07-03T00:00:00'}",2021-04-27T13:36:00,Turkish Airlines,New York Newark,Athens International,2021-06-20,Turkish Airlines,Athens International,New York Newark,2021-07-03,13
149,1,944,False,"{'CarrierIds': [1755], 'OriginId': 50290, 'DestinationId': 40920, 'DepartureDate': '2021-06-21T00:00:00'}","{'CarrierIds': [1755], 'OriginId': 40920, 'DestinationId': 50290, 'DepartureDate': '2021-07-04T00:00:00'}",2021-04-27T10:48:00,Turkish Airlines,New York Newark,Athens International,2021-06-21,Turkish Airlines,Athens International,New York Newark,2021-07-04,13
150,1,779,False,"{'CarrierIds': [857], 'OriginId': 60987, 'DestinationId': 40920, 'DepartureDate': '2021-06-22T00:00:00'}","{'CarrierIds': [881], 'OriginId': 40920, 'DestinationId': 60987, 'DepartureDate': '2021-07-05T00:00:00'}",2021-04-28T10:45:00,Finnair,New York John F. Kennedy,Athens International,2021-06-22,British Airways,Athens International,New York John F. Kennedy,2021-07-05,13
151,2,876,False,"{'CarrierIds': [1247], 'OriginId': 60987, 'DestinationId': 61666, 'DepartureDate': '2021-06-22T00:00:00'}","{'CarrierIds': [1247], 'OriginId': 61666, 'DestinationId': 60987, 'DepartureDate': '2021-07-05T00:00:00'}",2021-04-27T14:05:00,LEVEL,New York John F. Kennedy,Santorini (Thira),2021-06-22,LEVEL,Santorini (Thira),New York John F. Kennedy,2021-07-05,13
152,3,1414,False,"{'CarrierIds': [1035], 'OriginId': 50290, 'DestinationId': 64049, 'DepartureDate': '2021-06-22T00:00:00'}","{'CarrierIds': [819], 'OriginId': 64049, 'DestinationId': 50290, 'DepartureDate': '2021-07-05T00:00:00'}",2021-04-25T00:11:00,Emirates,New York Newark,Kavala Alexandros,2021-06-22,Aegean Airlines,Kavala Alexandros,New York Newark,2021-07-05,13
153,1,607,False,"{'CarrierIds': [1324], 'OriginId': 60987, 'DestinationId': 40920, 'DepartureDate': '2021-06-23T00:00:00'}","{'CarrierIds': [1190], 'OriginId': 40920, 'DestinationId': 50290, 'DepartureDate': '2021-07-06T00:00:00'}",2021-04-27T12:59:00,KLM,New York John F. Kennedy,Athens International,2021-06-23,transavia,Athens International,New York Newark,2021-07-06,13
154,2,703,True,"{'CarrierIds': [858], 'OriginId': 60987, 'DestinationId': 40920, 'DepartureDate': '2021-06-23T00:00:00'}","{'CarrierIds': [858], 'OriginId': 40920, 'DestinationId': 60987, 'DepartureDate': '2021-07-06T00:00:00'}",2021-04-26T16:51:00,Alitalia,New York John F. Kennedy,Athens International,2021-06-23,Alitalia,Athens International,New York John F. Kennedy,2021-07-06,13
155,1,934,False,"{'CarrierIds': [1755], 'OriginId': 50290, 'DestinationId': 40920, 'DepartureDate': '2021-06-24T00:00:00'}","{'CarrierIds': [1755], 'OriginId': 40920, 'DestinationId': 50290, 'DepartureDate': '2021-07-07T00:00:00'}",2021-04-28T20:26:00,Turkish Airlines,New York Newark,Athens International,2021-06-24,Turkish Airlines,Athens International,New York Newark,2021-07-07,13
156,1,531,False,"{'CarrierIds': [1816], 'OriginId': 60987, 'DestinationId': 40920, 'DepartureDate': '2021-06-25T00:00:00'}","{'CarrierIds': [1816], 'OriginId': 40920, 'DestinationId': 60987, 'DepartureDate': '2021-07-08T00:00:00'}",2021-04-26T22:17:00,Air Europa,New York John F. Kennedy,Athens International,2021-06-25,Air Europa,Athens International,New York John F. Kennedy,2021-07-08,13
157,2,805,True,"{'CarrierIds': [838], 'OriginId': 60987, 'DestinationId': 40920, 'DepartureDate': '2021-06-25T00:00:00'}","{'CarrierIds': [1324], 'OriginId': 40920, 'DestinationId': 60987, 'DepartureDate': '2021-07-08T00:00:00'}",2021-04-25T23:16:00,Air France,New York John F. Kennedy,Athens International,2021-06-25,KLM,Athens International,New York John F. Kennedy,2021-07-08,13
158,1,959,False,"{'CarrierIds': [857], 'OriginId': 60987, 'DestinationId': 40920, 'DepartureDate': '2021-06-26T00:00:00'}","{'CarrierIds': [881], 'OriginId': 40920, 'DestinationId': 60987, 'DepartureDate': '2021-07-09T00:00:00'}",2021-04-27T00:15:00,Finnair,New York John F. Kennedy,Athens International,2021-06-26,British Airways,Athens International,New York John F. Kennedy,2021-07-09,13
159,1,644,False,"{'CarrierIds': [1816], 'OriginId': 60987, 'DestinationId': 40920, 'DepartureDate': '2021-06-27T00:00:00'}","{'CarrierIds': [1865], 'OriginId': 40920, 'DestinationId': 50290, 'DepartureDate': '2021-07-10T00:00:00'}",2021-04-25T13:29:00,Air Europa,New York John F. Kennedy,Athens International,2021-06-27,Vueling Airlines,Athens International,New York Newark,2021-07-10,13
160,2,802,True,"{'CarrierIds': [1793], 'OriginId': 50290, 'DestinationId': 40920, 'DepartureDate': '2021-06-27T00:00:00'}","{'CarrierIds': [1368], 'OriginId': 40920, 'DestinationId': 50290, 'DepartureDate': '2021-07-10T00:00:00'}",2021-04-25T13:29:00,United,New York Newark,Athens International,2021-06-27,Lufthansa,Athens International,New York Newark,2021-07-10,13
161,1,804,False,"{'CarrierIds': [1859], 'OriginId': 50290, 'DestinationId': 40920, 'DepartureDate': '2021-06-28T00:00:00'}","{'CarrierIds': [1865], 'OriginId': 40920, 'DestinationId': 60987, 'DepartureDate': '2021-07-11T00:00:00'}",2021-04-26T18:33:00,Virgin Atlantic,New York Newark,Athens International,2021-06-28,Vueling Airlines,Athens International,New York John F. Kennedy,2021-07-11,13
162,2,933,True,"{'CarrierIds': [1368], 'OriginId': 50290, 'DestinationId': 40920, 'DepartureDate': '2021-06-28T00:00:00'}","{'CarrierIds': [1368], 'OriginId': 40920, 'DestinationId': 50290, 'DepartureDate': '2021-07-11T00:00:00'}",2021-04-26T18:00:00,Lufthansa,New York Newark,Athens International,2021-06-28,Lufthansa,Athens International,New York Newark,2021-07-11,13
163,1,826,False,"{'CarrierIds': [857], 'OriginId': 60987, 'DestinationId': 40920, 'DepartureDate': '2021-06-29T00:00:00'}","{'CarrierIds': [881], 'OriginId': 40920, 'DestinationId': 60987, 'DepartureDate': '2021-07-12T00:00:00'}",2021-04-25T13:39:00,Finnair,New York John F. Kennedy,Athens International,2021-06-29,British Airways,Athens International,New York John F. Kennedy,2021-07-12,13
164,2,852,False,"{'CarrierIds': [1247], 'OriginId': 60987, 'DestinationId': 61666, 'DepartureDate': '2021-06-29T00:00:00'}","{'CarrierIds': [1247], 'OriginId': 61666, 'DestinationId': 60987, 'DepartureDate': '2021-07-12T00:00:00'}",2021-04-28T18:36:00,LEVEL,New York John F. Kennedy,Santorini (Thira),2021-06-29,LEVEL,Santorini (Thira),New York John F. Kennedy,2021-07-12,13
165,1,671,False,"{'CarrierIds': [1324], 'OriginId': 60987, 'DestinationId': 40920, 'DepartureDate': '2021-06-18T00:00:00'}","{'CarrierIds': [1190], 'OriginId': 40920, 'DestinationId': 50290, 'DepartureDate': '2021-07-02T00:00:00'}",2021-04-27T18:23:00,KLM,New York John F. Kennedy,Athens International,2021-06-18,transavia,Athens International,New York Newark,2021-07-02,14
166,2,783,True,"{'CarrierIds': [858], 'OriginId': 60987, 'DestinationId': 40920, 'DepartureDate': '2021-06-18T00:00:00'}","{'CarrierIds': [858], 'OriginId': 40920, 'DestinationId': 60987, 'DepartureDate': '2021-07-02T00:00:00'}",2021-04-27T18:23:00,Alitalia,New York John F. Kennedy,Athens International,2021-06-18,Alitalia,Athens International,New York John F. Kennedy,2021-07-02,14
167,1,662,False,"{'CarrierIds': [1218], 'OriginId': 60987, 'DestinationId': 40920, 'DepartureDate': '2021-06-19T00:00:00'}","{'CarrierIds': [1090], 'OriginId': 40920, 'DestinationId': 60987, 'DepartureDate': '2021-07-03T00:00:00'}",2021-04-28T11:28:00,Iberia,New York John F. Kennedy,Athens International,2021-06-19,Ryanair,Athens International,New York John F. Kennedy,2021-07-03,14
168,2,882,True,"{'CarrierIds': [858], 'OriginId': 60987, 'DestinationId': 40920, 'DepartureDate': '2021-06-19T00:00:00'}","{'CarrierIds': [858], 'OriginId': 40920, 'DestinationId': 60987, 'DepartureDate': '2021-07-03T00:00:00'}",2021-04-28T11:28:00,Alitalia,New York John F. Kennedy,Athens International,2021-06-19,Alitalia,Athens International,New York John F. Kennedy,2021-07-03,14
169,1,944,False,"{'CarrierIds': [1755], 'OriginId': 50290, 'DestinationId': 40920, 'DepartureDate': '2021-06-20T00:00:00'}","{'CarrierIds': [1755], 'OriginId': 40920, 'DestinationId': 50290, 'DepartureDate': '2021-07-04T00:00:00'}",2021-04-27T10:48:00,Turkish Airlines,New York Newark,Athens International,2021-06-20,Turkish Airlines,Athens International,New York Newark,2021-07-04,14
170,1,677,False,"{'CarrierIds': [857], 'OriginId': 60987, 'DestinationId': 40920, 'DepartureDate': '2021-06-21T00:00:00'}","{'CarrierIds': [1190], 'OriginId': 40920, 'DestinationId': 50290, 'DepartureDate': '2021-07-05T00:00:00'}",2021-04-28T10:46:00,Finnair,New York John F. Kennedy,Athens International,2021-06-21,transavia,Athens International,New York Newark,2021-07-05,14
171,2,780,True,"{'CarrierIds': [858], 'OriginId': 60987, 'DestinationId': 40920, 'DepartureDate': '2021-06-21T00:00:00'}","{'CarrierIds': [858], 'OriginId': 40920, 'DestinationId': 60987, 'DepartureDate': '2021-07-05T00:00:00'}",2021-04-28T10:45:00,Alitalia,New York John F. Kennedy,Athens International,2021-06-21,Alitalia,Athens International,New York John F. Kennedy,2021-07-05,14
172,1,765,False,"{'CarrierIds': [857], 'OriginId': 60987, 'DestinationId': 40920, 'DepartureDate': '2021-06-22T00:00:00'}","{'CarrierIds': [881], 'OriginId': 40920, 'DestinationId': 60987, 'DepartureDate': '2021-07-06T00:00:00'}",2021-04-28T10:45:00,Finnair,New York John F. Kennedy,Athens International,2021-06-22,British Airways,Athens International,New York John F. Kennedy,2021-07-06,14
173,1,565,False,"{'CarrierIds': [1324], 'OriginId': 60987, 'DestinationId': 40920, 'DepartureDate': '2021-06-23T00:00:00'}","{'CarrierIds': [1190], 'OriginId': 40920, 'DestinationId': 50290, 'DepartureDate': '2021-07-07T00:00:00'}",2021-04-27T14:41:00,KLM,New York John F. Kennedy,Athens International,2021-06-23,transavia,Athens International,New York Newark,2021-07-07,14
174,2,706,True,"{'CarrierIds': [838], 'OriginId': 60987, 'DestinationId': 40920, 'DepartureDate': '2021-06-23T00:00:00'}","{'CarrierIds': [838], 'OriginId': 40920, 'DestinationId': 60987, 'DepartureDate': '2021-07-07T00:00:00'}",2021-04-26T16:59:00,Air France,New York John F. Kennedy,Athens International,2021-06-23,Air France,Athens International,New York John F. Kennedy,2021-07-07,14
175,1,751,False,"{'CarrierIds': [1793], 'OriginId': 50290, 'DestinationId': 81959, 'DepartureDate': '2021-06-24T00:00:00'}","{'CarrierIds': [1090], 'OriginId': 81959, 'DestinationId': 50290, 'DepartureDate': '2021-07-08T00:00:00'}",2021-04-26T00:45:00,United,New York Newark,Thessaloniki,2021-06-24,Ryanair,Thessaloniki,New York Newark,2021-07-08,14
176,1,745,False,"{'CarrierIds': [1816], 'OriginId': 60987, 'DestinationId': 40920, 'DepartureDate': '2021-06-25T00:00:00'}","{'CarrierIds': [1865], 'OriginId': 40920, 'DestinationId': 50290, 'DepartureDate': '2021-07-09T00:00:00'}",2021-04-25T22:09:00,Air Europa,New York John F. Kennedy,Athens International,2021-06-25,Vueling Airlines,Athens International,New York Newark,2021-07-09,14
177,2,805,True,"{'CarrierIds': [1324], 'OriginId': 60987, 'DestinationId': 40920, 'DepartureDate': '2021-06-25T00:00:00'}","{'CarrierIds': [838], 'OriginId': 40920, 'DestinationId': 60987, 'DepartureDate': '2021-07-09T00:00:00'}",2021-04-27T13:47:00,KLM,New York John F. Kennedy,Athens International,2021-06-25,Air France,Athens International,New York John F. Kennedy,2021-07-09,14
178,1,564,False,"{'CarrierIds': [1760], 'OriginId': 50290, 'DestinationId': 40920, 'DepartureDate': '2021-06-26T00:00:00'}","{'CarrierIds': [50441], 'OriginId': 40920, 'DestinationId': 50290, 'DepartureDate': '2021-07-10T00:00:00'}",2021-04-28T13:14:00,TAP Air Portugal,New York Newark,Athens International,2021-06-26,easyJet,Athens International,New York Newark,2021-07-10,14
179,2,1113,True,"{'CarrierIds': [1368], 'OriginId': 50290, 'DestinationId': 40920, 'DepartureDate': '2021-06-26T00:00:00'}","{'CarrierIds': [1368], 'OriginId': 40920, 'DestinationId': 50290, 'DepartureDate': '2021-07-10T00:00:00'}",2021-04-26T13:10:00,Lufthansa,New York Newark,Athens International,2021-06-26,Lufthansa,Athens International,New York Newark,2021-07-10,14
180,1,686,False,"{'CarrierIds': [1816], 'OriginId': 60987, 'DestinationId': 40920, 'DepartureDate': '2021-06-27T00:00:00'}","{'CarrierIds': [1865], 'OriginId': 40920, 'DestinationId': 60987, 'DepartureDate': '2021-07-11T00:00:00'}",2021-04-26T02:26:00,Air Europa,New York John F. Kennedy,Athens International,2021-06-27,Vueling Airlines,Athens International,New York John F. Kennedy,2021-07-11,14
181,2,789,True,"{'CarrierIds': [1793], 'OriginId': 50290, 'DestinationId': 40920, 'DepartureDate': '2021-06-27T00:00:00'}","{'CarrierIds': [1368], 'OriginId': 40920, 'DestinationId': 50290, 'DepartureDate': '2021-07-11T00:00:00'}",2021-04-26T02:26:00,United,New York Newark,Athens International,2021-06-27,Lufthansa,Athens International,New York Newark,2021-07-11,14
182,1,842,False,"{'CarrierIds': [1707], 'OriginId': 50290, 'DestinationId': 40920, 'DepartureDate': '2021-06-28T00:00:00'}","{'CarrierIds': [1707], 'OriginId': 40920, 'DestinationId': 50290, 'DepartureDate': '2021-07-12T00:00:00'}",2021-04-27T13:47:00,SAS,New York Newark,Athens International,2021-06-28,SAS,Athens International,New York Newark,2021-07-12,14
